{"mean":{"confidence_interval":{"confidence_level":0.95,"lower_bound":9146048.69,"upper_bound":10163746.8},"point_estimate":9645728.2,"standard_error":261346.07626591006},"median":{"confidence_interval":{"confidence_level":0.95,"lower_bound":8574120.0,"upper_bound":10361400.0},"point_estimate":9304490.0,"standard_error":403974.58612010983},"median_abs_dev":{"confidence_interval":{"confidence_level":0.95,"lower_bound":2204092.4248695374,"upper_bound":3274425.823867321},"point_estimate":2782469.5006012917,"standard_error":272450.4611218226},"slope":null,"std_dev":{"confidence_interval":{"confidence_level":0.95,"lower_bound":2232202.6519239144,"upper_bound":2982718.8998865765},"point_estimate":2624416.0328806825,"standard_error":192278.48584533937}}