{"mean":{"confidence_interval":{"confidence_level":0.95,"lower_bound":4908172.238636363,"upper_bound":5126165.384090909},"point_estimate":5017271.454545454,"standard_error":55594.552622012285},"median":{"confidence_interval":{"confidence_level":0.95,"lower_bound":4883072.727272727,"upper_bound":5181163.636363637},"point_estimate":5030795.454545455,"standard_error":92544.67967484513},"median_abs_dev":{"confidence_interval":{"confidence_level":0.95,"lower_bound":380133.915887638,"upper_bound":676759.7143487508},"point_estimate":485908.66319157876,"standard_error":79362.5797779342},"slope":null,"std_dev":{"confidence_interval":{"confidence_level":0.95,"lower_bound":469523.3217921701,"upper_bound":636110.166629576},"point_estimate":556295.9759164208,"standard_error":42459.62266100362}}