{"mean":{"confidence_interval":{"confidence_level":0.95,"lower_bound":1.240374278378503,"upper_bound":1.51773566796011},"point_estimate":1.3768475807237057,"standard_error":0.07003724134814729},"median":{"confidence_interval":{"confidence_level":0.95,"lower_bound":1.1191570629451046,"upper_bound":1.584717040938239},"point_estimate":1.326151576894711,"standard_error":0.10335018867137889}}