{"mean":{"confidence_interval":{"confidence_level":0.95,"lower_bound":3981752.572916668,"upper_bound":4135588.583333332},"point_estimate":4058202.25,"standard_error":39230.68912754154},"median":{"confidence_interval":{"confidence_level":0.95,"lower_bound":3933612.5,"upper_bound":4108300.0},"point_estimate":3999950.0,"standard_error":52301.48699527213},"median_abs_dev":{"confidence_interval":{"confidence_level":0.95,"lower_bound":283090.10997414566,"upper_bound":484081.40084333805},"point_estimate":364015.3585374359,"standard_error":51285.59939472807},"slope":null,"std_dev":{"confidence_interval":{"confidence_level":0.95,"lower_bound":341603.06206021947,"upper_bound":441276.8823735386},"point_estimate":394444.83948595775,"standard_error":25487.1877407879}}