{"mean":{"confidence_interval":{"confidence_level":0.95,"lower_bound":2.862019900255885,"upper_bound":3.2691147026315677},"point_estimate":3.0711300317171526,"standard_error":0.1043393307395969},"median":{"confidence_interval":{"confidence_level":0.95,"lower_bound":2.6274803025163083,"upper_bound":3.0527912459738387},"point_estimate":2.860613997625178,"standard_error":0.11433633341277652}}