{"mean":{"confidence_interval":{"confidence_level":0.95,"lower_bound":9.356973409837313,"upper_bound":10.348291388772449},"point_estimate":9.84610023910393,"standard_error":0.25230006240975006},"median":{"confidence_interval":{"confidence_level":0.95,"lower_bound":9.722897445163838,"upper_bound":10.478006687679297},"point_estimate":10.059262548194177,"standard_error":0.1871610749182023}}