{"mean":{"confidence_interval":{"confidence_level":0.95,"lower_bound":3651204.371428571,"upper_bound":3835756.928571427},"point_estimate":3742386.1428571437,"standard_error":47064.20867725045},"median":{"confidence_interval":{"confidence_level":0.95,"lower_bound":3568607.1428571427,"upper_bound":3849707.1428571427},"point_estimate":3671160.7142857146,"standard_error":67126.54898668782},"median_abs_dev":{"confidence_interval":{"confidence_level":0.95,"lower_bound":354277.8537103106,"upper_bound":587755.5795652523},"point_estimate":461692.2218033247,"standard_error":58827.77363418131},"slope":null,"std_dev":{"confidence_interval":{"confidence_level":0.95,"lower_bound":411693.0486093218,"upper_bound":527803.506267494},"point_estimate":473125.86863699456,"standard_error":29589.181510542643}}