{"mean":{"confidence_interval":{"confidence_level":0.95,"lower_bound":1.1328764331049042,"upper_bound":1.3959948065151464},"point_estimate":1.252916568675063,"standard_error":0.06793247449857207},"median":{"confidence_interval":{"confidence_level":0.95,"lower_bound":1.0465429773922348,"upper_bound":1.361803622964337},"point_estimate":1.1952132480445932,"standard_error":0.07949003406812075}}