{"mean":{"confidence_interval":{"confidence_level":0.95,"lower_bound":3027763.597058824,"upper_bound":3137823.0602941173},"point_estimate":3082778.470588235,"standard_error":28037.20400357972},"median":{"confidence_interval":{"confidence_level":0.95,"lower_bound":3022794.117647059,"upper_bound":3134817.647058823},"point_estimate":3076058.823529412,"standard_error":27748.462641510163},"median_abs_dev":{"confidence_interval":{"confidence_level":0.95,"lower_bound":171898.30971290116,"upper_bound":300941.63112780545},"point_estimate":238232.01282935974,"standard_error":32857.92902226768},"slope":null,"std_dev":{"confidence_interval":{"confidence_level":0.95,"lower_bound":237007.43746214124,"upper_bound":322156.9864530159},"point_estimate":281603.07765979366,"standard_error":21603.44242496535}}