{"mean":{"confidence_interval":{"confidence_level":0.95,"lower_bound":8117289.375000001,"upper_bound":9090744.908333331},"point_estimate":8596193.999999998,"standard_error":248568.14473251475},"median":{"confidence_interval":{"confidence_level":0.95,"lower_bound":7643500.0,"upper_bound":8713800.0},"point_estimate":8308050.0,"standard_error":289929.32446818746},"median_abs_dev":{"confidence_interval":{"confidence_level":0.95,"lower_bound":1868767.8468227384,"upper_bound":2917892.6531970506},"point_estimate":2486369.5758581157,"standard_error":274904.8820105098},"slope":null,"std_dev":{"confidence_interval":{"confidence_level":0.95,"lower_bound":2071835.439985714,"upper_bound":2888363.533334592},"point_estimate":2496562.2204055823,"standard_error":209560.74956325805}}