{"mean":{"confidence_interval":{"confidence_level":0.95,"lower_bound":881348.6770415179,"upper_bound":897908.9281878923},"point_estimate":889289.576996849,"standard_error":4212.559748440343},"median":{"confidence_interval":{"confidence_level":0.95,"lower_bound":876160.0,"upper_bound":892618.1585677749},"point_estimate":885328.8194444445,"standard_error":4156.491691750645},"median_abs_dev":{"confidence_interval":{"confidence_level":0.95,"lower_bound":23620.409780854032,"upper_bound":37840.277520810894},"point_estimate":31350.175662731006,"standard_error":3663.1451090424684},"slope":{"confidence_interval":{"confidence_level":0.95,"lower_bound":877325.4620314941,"upper_bound":891574.9262110785},"point_estimate":884317.2147184868,"standard_error":3646.9496254835594},"std_dev":{"confidence_interval":{"confidence_level":0.95,"lower_bound":30508.947254180166,"upper_bound":53470.723185386014},"point_estimate":42532.36499826734,"standard_error":5876.172862256343}}