{"mean":{"confidence_interval":{"confidence_level":0.95,"lower_bound":5331570.666666668,"upper_bound":5615803.333333329},"point_estimate":5473559.555555555,"standard_error":72657.85265905545},"median":{"confidence_interval":{"confidence_level":0.95,"lower_bound":5198466.666666667,"upper_bound":5674811.111111111},"point_estimate":5497972.222222222,"standard_error":99902.39644472026},"median_abs_dev":{"confidence_interval":{"confidence_level":0.95,"lower_bound":635730.0142968696,"upper_bound":929104.2201717705},"point_estimate":816195.9955096242,"standard_error":73677.2792642032},"slope":null,"std_dev":{"confidence_interval":{"confidence_level":0.95,"lower_bound":637708.9742808214,"upper_bound":808165.082687505},"point_estimate":728932.3866833978,"standard_error":43541.92883776307}}