{"mean":{"confidence_interval":{"confidence_level":0.95,"lower_bound":3.2461460407903115,"upper_bound":3.65766728463208},"point_estimate":3.456136888921624,"standard_error":0.10484764144393989},"median":{"confidence_interval":{"confidence_level":0.95,"lower_bound":3.1780467984375793,"upper_bound":3.6356322297657906},"point_estimate":3.4058303529742187,"standard_error":0.11252119853302828}}