{"mean":{"confidence_interval":{"confidence_level":0.95,"lower_bound":1.2317677614668092,"upper_bound":1.4539956773417402},"point_estimate":1.3394975539589553,"standard_error":0.05733152215407016},"median":{"confidence_interval":{"confidence_level":0.95,"lower_bound":1.079276587072128,"upper_bound":1.405280367317335},"point_estimate":1.2332012974248086,"standard_error":0.0834206437043428}}