{"mean":{"confidence_interval":{"confidence_level":0.95,"lower_bound":1129697.5736842102,"upper_bound":1141016.444736842},"point_estimate":1135416.1052631577,"standard_error":2883.956147238938},"median":{"confidence_interval":{"confidence_level":0.95,"lower_bound":1129342.105263158,"upper_bound":1143747.3684210526},"point_estimate":1136884.2105263157,"standard_error":3538.2023154918306},"median_abs_dev":{"confidence_interval":{"confidence_level":0.95,"lower_bound":21415.76646189926,"upper_bound":38114.52406017408},"point_estimate":28637.58896526529,"standard_error":4262.726243970966},"slope":null,"std_dev":{"confidence_interval":{"confidence_level":0.95,"lower_bound":25131.493326046042,"upper_bound":32515.27905801791},"point_estimate":29022.54979027412,"standard_error":1880.783048681591}}