{"mean":{"confidence_interval":{"confidence_level":0.95,"lower_bound":3956393.2288461532,"upper_bound":4119134.578846154},"point_estimate":4039340.692307692,"standard_error":41471.41036591239},"median":{"confidence_interval":{"confidence_level":0.95,"lower_bound":4008838.4615384615,"upper_bound":4180550.0},"point_estimate":4124815.384615385,"standard_error":44673.618834630186},"median_abs_dev":{"confidence_interval":{"confidence_level":0.95,"lower_bound":272279.48516607285,"upper_bound":449393.1589447536},"point_estimate":357620.22057404823,"standard_error":45794.32815405435},"slope":null,"std_dev":{"confidence_interval":{"confidence_level":0.95,"lower_bound":343160.0896719471,"upper_bound":487410.4022509239},"point_estimate":417420.9871928277,"standard_error":36975.374237529664}}