{"mean":{"confidence_interval":{"confidence_level":0.95,"lower_bound":1.6509284729684912,"upper_bound":1.9538352998257082},"point_estimate":1.7884566088719733,"standard_error":0.08079386822780935},"median":{"confidence_interval":{"confidence_level":0.95,"lower_bound":1.4963997322567555,"upper_bound":1.8405359731926643},"point_estimate":1.7008748780907577,"standard_error":0.09324504127338297}}