{"mean":{"confidence_interval":{"confidence_level":0.95,"lower_bound":6.211314241078031,"upper_bound":6.902283077378717},"point_estimate":6.5455493930560245,"standard_error":0.1762923127075429},"median":{"confidence_interval":{"confidence_level":0.95,"lower_bound":6.038361110616504,"upper_bound":6.755816092036492},"point_estimate":6.411998759268798,"standard_error":0.17158209809759895}}