{"mean":{"confidence_interval":{"confidence_level":0.95,"lower_bound":3002278.5882352935,"upper_bound":3110786.736764705},"point_estimate":3055925.5882352944,"standard_error":27680.143212751795},"median":{"confidence_interval":{"confidence_level":0.95,"lower_bound":2977083.4558823584,"upper_bound":3114123.529411765},"point_estimate":3033770.588235294,"standard_error":42419.1363147751},"median_abs_dev":{"confidence_interval":{"confidence_level":0.95,"lower_bound":201764.41406502435,"upper_bound":340117.2641528887},"point_estimate":279191.0173963102,"standard_error":34978.42647095259},"slope":null,"std_dev":{"confidence_interval":{"confidence_level":0.95,"lower_bound":238439.0606137937,"upper_bound":315992.83200026763},"point_estimate":278321.537892242,"standard_error":19843.168351060882}}