{"mean":{"confidence_interval":{"confidence_level":0.95,"lower_bound":6484823.110714284,"upper_bound":7073238.814285717},"point_estimate":6770722.857142856,"standard_error":149784.6565068785},"median":{"confidence_interval":{"confidence_level":0.95,"lower_bound":6198414.285714285,"upper_bound":6918564.285714285},"point_estimate":6570878.571428571,"standard_error":186653.4033482375},"median_abs_dev":{"confidence_interval":{"confidence_level":0.95,"lower_bound":973093.9027241307,"upper_bound":1680622.3801629888},"point_estimate":1301394.4868956285,"standard_error":184019.52439883907},"slope":null,"std_dev":{"confidence_interval":{"confidence_level":0.95,"lower_bound":1250025.5464357703,"upper_bound":1741280.7915783862},"point_estimate":1503385.8261551042,"standard_error":126216.77454929841}}